date,week,channel,revenue,margin,promo
2025-09-01,1,Paid Search,6410.286736099091,2634.167486194574,0
2025-09-01,1,Paid Social,520.8965209584636,192.91184635559244,0
2025-09-01,1,Email,5660.581733519035,2771.559633972888,0
2025-09-01,1,Organic,1508.1357947847896,683.9474018232813,0
2025-09-02,1,Paid Search,3590.394169249192,1619.710262936495,0
2025-09-02,1,Paid Social,1257.0855191777507,516.1335742354129,0
2025-09-02,1,Email,4226.650639068725,2096.9762933950365,0
2025-09-02,1,Organic,2882.2025116316827,1245.0024399492665,0
2025-09-03,1,Paid Search,4298.210443364696,1791.7500141577466,0
2025-09-03,1,Paid Social,535.0835249080727,205.18270218269396,0
2025-09-03,1,Email,2836.086604340282,1219.1530278176845,0
2025-09-03,1,Organic,2273.004301547572,1035.35073981947,0
2025-09-04,1,Paid Search,6559.9809231566915,2807.2803011426877,0
2025-09-04,1,Paid Social,1769.1163188064559,600.8385414960245,0
2025-09-04,1,Email,10919.802858444473,4989.424958598331,0
2025-09-04,1,Organic,2851.1317290615416,1353.5588478798206,0
2025-09-05,1,Paid Search,6846.833540311561,2969.6197754218897,0
2025-09-05,1,Paid Social,862.1423743279231,300.6824974173498,0
2025-09-05,1,Email,7894.213930401783,3896.463476573437,0
2025-09-05,1,Organic,3218.9884164362193,1419.901583714859,0
2025-09-06,1,Paid Search,3956.2404793807736,1626.6898772337354,0
2025-09-06,1,Paid Social,1260.1772573258709,482.5433904157719,0
2025-09-06,1,Email,7905.353716869999,3677.224302258919,0
2025-09-06,1,Organic,2350.8420402647216,1064.8403594982751,0
2025-09-07,1,Paid Search,3270.9543939503305,1330.4249115284292,0
2025-09-07,1,Paid Social,1356.7601798214528,480.83528410579277,0
2025-09-07,1,Email,6304.2480017488015,2828.3122038716965,0
2025-09-07,1,Organic,2703.8402356223205,1355.4229856850545,0
2025-09-08,2,Paid Search,4123.630681417659,1770.4230935408705,0
2025-09-08,2,Paid Social,1575.5956418834073,654.3781995554307,0
2025-09-08,2,Email,4424.974690323518,2122.8796587570732,0
2025-09-08,2,Organic,5438.112448199131,2523.708052555284,0
2025-09-09,2,Paid Search,6667.212242885246,2942.153109141218,0
2025-09-09,2,Paid Social,1312.0394480884588,539.5602203854824,0
2025-09-09,2,Email,2946.3378473550997,1404.6492317318318,0
2025-09-09,2,Organic,1920.9638583648764,797.6885990144314,0
2025-09-10,2,Paid Search,5489.409106614945,2383.261385720417,0
2025-09-10,2,Paid Social,1535.3385290065116,592.1983968635687,0
2025-09-10,2,Email,5187.669761822085,2375.6607071504827,0
2025-09-10,2,Organic,5152.4806105013495,2346.3664912940803,0
2025-09-11,2,Paid Search,4191.977986668742,1725.218659009987,0
2025-09-11,2,Paid Social,481.16232698689265,172.2822499719893,0
2025-09-11,2,Email,5092.643451832492,2442.229285099066,0
2025-09-11,2,Organic,2318.310110090556,1041.404394524372,0
2025-09-12,2,Paid Search,3762.5488963313537,1503.2868275717944,0
2025-09-12,2,Paid Social,989.9342611216501,363.7837199451666,0
2025-09-12,2,Email,5781.6343698425835,2831.6222785306845,0
2025-09-12,2,Organic,3879.882376679335,1800.3796191963893,0
2025-09-13,2,Paid Search,5404.5531888942805,2266.4923091414516,0
2025-09-13,2,Paid Social,1515.6807566215125,564.5063580938947,0
2025-09-13,2,Email,8982.860462267929,4754.413284077736,0
2025-09-13,2,Organic,4191.35631826711,1938.6457578078516,0
2025-09-14,2,Paid Search,4361.850194768214,1659.1436391293178,0
2025-09-14,2,Paid Social,920.781524080343,334.6358862396399,0
2025-09-14,2,Email,6240.631205357588,2996.1264528925585,0
2025-09-14,2,Organic,4679.448917131462,2126.6549445650953,0
2025-09-15,3,Paid Search,6314.542033263698,2432.06414758721,0
2025-09-15,3,Paid Social,2841.3340095963877,1036.0653822266797,0
2025-09-15,3,Email,6874.330629345766,3136.979510940875,0
2025-09-15,3,Organic,2617.0257160520737,1212.0907063363418,0
2025-09-16,3,Paid Search,4510.752095768092,1965.1504836853253,0
2025-09-16,3,Paid Social,1987.6971810179236,791.6934153851649,0
2025-09-16,3,Email,7377.322672012212,3805.1622295315374,0
2025-09-16,3,Organic,2494.50446816559,1144.7848498616777,0
2025-09-17,3,Paid Search,5947.789088836655,2731.6992655925997,0
2025-09-17,3,Paid Social,1651.6558218930863,613.5922122077333,0
2025-09-17,3,Email,3823.8805127111727,1736.022884684918,0
2025-09-17,3,Organic,2968.2156703037786,1341.5341210179365,0
2025-09-18,3,Paid Search,5476.9783289762345,2244.272072377108,0
2025-09-18,3,Paid Social,1587.4188013823552,618.344735564375,0
2025-09-18,3,Email,6150.123511498057,2833.0227301375744,0
2025-09-18,3,Organic,4367.069828252169,1908.44218298311,0
2025-09-19,3,Paid Search,1898.5451762476823,762.3274721289791,0
2025-09-19,3,Paid Social,1134.5728150288737,420.4952586179637,0
2025-09-19,3,Email,6351.8342370021455,2783.4662790572556,0
2025-09-19,3,Organic,3644.857174040328,1550.5136056951944,0
2025-09-20,3,Paid Search,4348.4387449223195,2011.8756065267771,0
2025-09-20,3,Paid Social,1587.4465749508076,572.9887858605522,0
2025-09-20,3,Email,8367.279863687834,4190.718942295721,0
2025-09-20,3,Organic,5179.368095518894,2389.0980216885446,0
2025-09-21,3,Paid Search,3277.9660351697185,1294.7358983351685,0
2025-09-21,3,Paid Social,1606.441237700581,624.7122145054727,0
2025-09-21,3,Email,8742.931577596646,4274.699889430234,0
2025-09-21,3,Organic,3222.637412157201,1590.0718967338748,0
2025-09-22,4,Paid Search,11497.63741055983,4816.662255126304,1
2025-09-22,4,Paid Social,1118.920195088608,410.2704592297296,1
2025-09-22,4,Email,5679.022020508971,2716.0528108110807,1
2025-09-22,4,Organic,5933.297906987027,2458.824340857157,1
2025-09-23,4,Paid Search,5739.17910795386,2510.9701456074804,1
2025-09-23,4,Paid Social,906.8894364672666,321.6230048634457,1
2025-09-23,4,Email,7904.067434710234,3738.5814224670116,1
2025-09-23,4,Organic,4587.458812734797,1942.1429257530103,1
2025-09-24,4,Paid Search,5436.109297045345,2450.11471668138,1
2025-09-24,4,Paid Social,2272.559305407674,805.7172146867096,1
2025-09-24,4,Email,9030.475729791759,4519.251008402286,1
2025-09-24,4,Organic,3023.7802837726026,1395.8599656687609,1
2025-09-25,4,Paid Search,5383.547412691389,2265.4161413629245,1
2025-09-25,4,Paid Social,2307.315023344121,912.0743540064279,1
2025-09-25,4,Email,7924.184026381092,3438.299450581009,1
2025-09-25,4,Organic,4994.212110408215,2336.8608935211982,1
2025-09-26,4,Paid Search,6727.962617645069,2831.820863420035,1
2025-09-26,4,Paid Social,1383.9705320831229,513.7899768566284,1
2025-09-26,4,Email,17749.67624069528,9149.477982058035,1
2025-09-26,4,Organic,4889.62447061645,2272.9931814588526,1
2025-09-27,4,Paid Search,4310.227024743781,1768.0962548216098,1
2025-09-27,4,Paid Social,941.4718363694577,337.9083270709775,1
2025-09-27,4,Email,8044.079733541754,3864.3659257412555,1
2025-09-27,4,Organic,3677.856076658254,1779.0213846799572,1
2025-09-28,4,Paid Search,5727.773408662057,2488.8287595421175,1
2025-09-28,4,Paid Social,1940.9618667483787,673.5698541483009,1
2025-09-28,4,Email,7873.752749788084,3691.6807694061354,1
2025-09-28,4,Organic,3536.9266284331716,1584.9235855448653,1
2025-09-29,5,Paid Search,3541.534271426664,1539.4444233097572,0
2025-09-29,5,Paid Social,1112.918559642438,443.92741891569557,0
2025-09-29,5,Email,7799.782410578869,3637.6482808257365,0
2025-09-29,5,Organic,3544.365267504156,1554.548060317332,0
2025-09-30,5,Paid Search,4958.813827234964,1983.138634630236,0
2025-09-30,5,Paid Social,777.4607149735702,310.71384732503543,0
2025-09-30,5,Email,6031.511820194444,2862.037992437318,0
2025-09-30,5,Organic,4656.401777869472,2191.4433221042377,0
2025-10-01,5,Paid Search,3870.675177485335,1567.1088071615793,0
2025-10-01,5,Paid Social,831.1371495996876,294.57827579284884,0
2025-10-01,5,Email,9316.097969415163,4379.713100228272,0
2025-10-01,5,Organic,2898.1858071625,1252.4822883519712,0
2025-10-02,5,Paid Search,7755.451398041335,3236.807738222215,0
2025-10-02,5,Paid Social,1281.571387559934,493.77699350157803,0
2025-10-02,5,Email,9041.11865833759,4298.540789521819,0
2025-10-02,5,Organic,3543.84209137942,1622.7594441615342,0
2025-10-03,5,Paid Search,3707.591783322727,1471.3736406318337,0
2025-10-03,5,Paid Social,1757.1544778316202,693.3218265442761,0
2025-10-03,5,Email,12846.952101846238,6656.522846535711,0
2025-10-03,5,Organic,2901.302946132171,1298.4616465451822,0
2025-10-04,5,Paid Search,2109.898178573204,904.9860444376653,0
2025-10-04,5,Paid Social,2544.5592733285475,998.6262281823642,0
2025-10-04,5,Email,8190.403240783082,3977.2081716775697,0
2025-10-04,5,Organic,3945.3935754510235,1752.6809969095482,0
2025-10-05,5,Paid Search,5167.784818214858,1949.3848366486181,0
2025-10-05,5,Paid Social,1159.334482140099,403.62828673371894,0
2025-10-05,5,Email,11221.731845838262,5172.37863375058,0
2025-10-05,5,Organic,4131.074747235221,1746.3491458026335,0
2025-10-06,6,Paid Search,8915.576342717673,3720.2851267269475,0
2025-10-06,6,Paid Social,1222.1544582691631,473.7929747431122,0
2025-10-06,6,Email,3851.428264979501,1794.5650259323047,0
2025-10-06,6,Organic,2875.984046381015,1314.9377076940516,0
2025-10-07,6,Paid Search,4195.529022919834,1804.2456392137046,0
2025-10-07,6,Paid Social,1996.9708066788933,756.1673539110684,0
2025-10-07,6,Email,5544.652887138123,2681.969775757455,0
2025-10-07,6,Organic,2611.018020824278,1242.075240309108,0
2025-10-08,6,Paid Search,3075.3844557059015,1264.4465397506142,0
2025-10-08,6,Paid Social,1078.9829460693466,384.0093703045666,0
2025-10-08,6,Email,10600.891579660154,4759.600045988925,0
2025-10-08,6,Organic,2168.682324280566,913.9233802210435,0
2025-10-09,6,Paid Search,7256.343103224883,3234.3814606442966,0
2025-10-09,6,Paid Social,1334.6413489723748,473.6732163011313,0
2025-10-09,6,Email,5827.215398861437,2663.9847832999944,0
2025-10-09,6,Organic,1893.4427304679316,813.3436424629557,0
2025-10-10,6,Paid Search,6596.19459176387,2916.2631626450893,0
2025-10-10,6,Paid Social,1700.2514551469505,591.7228213353596,0
2025-10-10,6,Email,4786.087911573088,2183.771812359829,0
2025-10-10,6,Organic,3452.283378081466,1623.8321491672837,0
2025-10-11,6,Paid Search,3230.4268365463427,1308.8018326346257,0
2025-10-11,6,Paid Social,2335.9074371890256,925.1593285127468,0
2025-10-11,6,Email,6123.068528108094,3048.311073428918,0
2025-10-11,6,Organic,4593.992000643944,1969.4741501555065,0
2025-10-12,6,Paid Search,4852.8728812449845,2287.29901122868,0
2025-10-12,6,Paid Social,1334.5186491862241,496.4647824857337,0
2025-10-12,6,Email,7493.599829415132,3885.5368375131616,0
2025-10-12,6,Organic,4396.700232514765,1866.6319940067265,0
2025-10-13,7,Paid Search,4460.712772333255,1782.1648781711467,0
2025-10-13,7,Paid Social,2016.073842653238,811.0241821174337,0
2025-10-13,7,Email,4294.974015370118,2136.200344793707,0
2025-10-13,7,Organic,3792.197382533069,1762.4080172753088,0
2025-10-14,7,Paid Search,5372.451095847765,2303.2045096200463,0
2025-10-14,7,Paid Social,1723.9228842180078,642.2001568510572,0
2025-10-14,7,Email,6738.269609991151,3214.831365590895,0
2025-10-14,7,Organic,2576.8063349587374,1133.7617514246072,0
2025-10-15,7,Paid Search,6952.59991055367,3005.700557880092,0
2025-10-15,7,Paid Social,1488.3958468378867,529.7943546611702,0
2025-10-15,7,Email,4237.557286389601,1969.273019262159,0
2025-10-15,7,Organic,2594.49202431782,1163.9129048505981,0
2025-10-16,7,Paid Search,2937.378897259163,1252.7480854755706,0
2025-10-16,7,Paid Social,605.3408669092021,239.17747692655607,0
2025-10-16,7,Email,9430.688720389122,4517.636212630623,0
2025-10-16,7,Organic,4859.851882767936,2005.2177511075165,0
2025-10-17,7,Paid Search,3962.1510718843647,1602.3977251255496,0
2025-10-17,7,Paid Social,1753.1829598281126,695.427734322488,0
2025-10-17,7,Email,5101.351898053565,2534.488368607733,0
2025-10-17,7,Organic,3216.196682128831,1372.3233744482382,0
2025-10-18,7,Paid Search,5941.592223967791,2753.9681333565118,0
2025-10-18,7,Paid Social,1162.979967284647,447.13013565242846,0
2025-10-18,7,Email,6568.871417221655,2851.520543850373,0
2025-10-18,7,Organic,2300.723550412935,1075.6893153658123,0
2025-10-19,7,Paid Search,6078.505872621827,2565.5922932706303,0
2025-10-19,7,Paid Social,1546.043877216852,616.2524995146821,0
2025-10-19,7,Email,11003.400735701236,5420.399868765458,0
2025-10-19,7,Organic,3118.7288055693107,1322.31672440754,0
2025-10-20,8,Paid Search,3588.444231589228,1451.8636650759554,0
2025-10-20,8,Paid Social,1179.926630493458,448.4913391852927,0
2025-10-20,8,Email,5590.712755568497,2546.894286634883,0
2025-10-20,8,Organic,3605.8279977819043,1493.816920984503,0
2025-10-21,8,Paid Search,3908.4100577796826,1800.079725142747,0
2025-10-21,8,Paid Social,1362.5655205001976,491.8932909255088,0
2025-10-21,8,Email,5924.004087968947,2872.133106427093,0
2025-10-21,8,Organic,2911.5276532053003,1340.1429791796181,0
2025-10-22,8,Paid Search,4308.020202597055,1800.2601100119298,0
2025-10-22,8,Paid Social,1813.5814712345236,689.8129116966388,0
2025-10-22,8,Email,6749.306642990546,3273.5611670124945,0
2025-10-22,8,Organic,3124.033837966748,1339.0421046714937,0
2025-10-23,8,Paid Search,4151.136920527134,1766.3247171468702,0
2025-10-23,8,Paid Social,1528.4266327271275,604.0424115127798,0
2025-10-23,8,Email,4677.507135680292,2322.093781342848,0
2025-10-23,8,Organic,2418.1842387480583,1064.4177637255618,0
2025-10-24,8,Paid Search,6398.220257226173,2565.5149036322773,0
2025-10-24,8,Paid Social,1273.695064279158,450.21611063730074,0
2025-10-24,8,Email,4123.10522417934,1998.0188553386558,0
2025-10-24,8,Organic,2752.2148964740877,1291.6279581501276,0
2025-10-25,8,Paid Search,5163.65298860033,2133.3654391814152,0
2025-10-25,8,Paid Social,862.0493839043751,344.5703787733105,0
2025-10-25,8,Email,8588.139030764429,4009.274552096383,0
2025-10-25,8,Organic,1776.370644657242,750.0061322166282,0
2025-10-26,8,Paid Search,6581.5218642233085,2784.603318545527,0
2025-10-26,8,Paid Social,1507.9024551292084,662.6870195919786,0
2025-10-26,8,Email,7153.080862614514,3086.33961696905,0
2025-10-26,8,Organic,3174.3910680499216,1493.3209759647505,0
2025-10-27,9,Paid Search,3259.788670296661,1266.8272027752175,1
2025-10-27,9,Paid Social,3150.8457684032155,1194.2433966033534,1
2025-10-27,9,Email,16237.153346949437,7888.334697647481,1
2025-10-27,9,Organic,3869.0693279861703,1623.0389343220877,1
2025-10-28,9,Paid Search,5732.449929922987,2354.2212013942512,1
2025-10-28,9,Paid Social,1288.467546654254,551.4072056598038,1
2025-10-28,9,Email,6927.960334389526,3457.4025123329066,1
2025-10-28,9,Organic,3152.4635126376375,1394.8897526819321,1
2025-10-29,9,Paid Search,6669.805238346729,2870.873080988907,1
2025-10-29,9,Paid Social,1814.6548114707218,630.8409193388914,1
2025-10-29,9,Email,6914.121408641108,3331.8201367636284,1
2025-10-29,9,Organic,3880.1748278068244,1748.228144445319,1
2025-10-30,9,Paid Search,8499.668262233292,3372.2383781239373,1
2025-10-30,9,Paid Social,1331.9440065499891,506.3543672846555,1
2025-10-30,9,Email,11928.20190929075,5855.215604933307,1
2025-10-30,9,Organic,2893.7662187746782,1314.9491547984987,1
2025-10-31,9,Paid Search,3702.62998286789,1468.1901121689993,1
2025-10-31,9,Paid Social,775.7220386610334,296.9722578797916,1
2025-10-31,9,Email,5334.419131844065,2474.234377224959,1
2025-10-31,9,Organic,3816.063929442442,1639.4938027422609,1
2025-11-01,9,Paid Search,9093.723972738944,3855.4986566633424,1
2025-11-01,9,Paid Social,1678.0815596421517,609.5453703100407,1
2025-11-01,9,Email,7715.507071850403,3954.0929445061893,1
2025-11-01,9,Organic,5499.171607726851,2604.879477609425,1
2025-11-02,9,Paid Search,8614.61091857405,3804.3319776914414,1
2025-11-02,9,Paid Social,1159.417733789274,383.7368609794669,1
2025-11-02,9,Email,6012.413225436458,2775.857904766614,1
2025-11-02,9,Organic,8196.551684643437,3559.7388407890485,1
2025-11-03,10,Paid Search,4050.8636693160784,1692.1932766701693,0
2025-11-03,10,Paid Social,1308.8123345579831,477.52041676601516,0
2025-11-03,10,Email,10833.161167567463,5099.275576255392,0
2025-11-03,10,Organic,5288.3884219896445,2295.612095051422,0
2025-11-04,10,Paid Search,9812.27311485886,4187.336079375995,0
2025-11-04,10,Paid Social,791.9952456632369,273.6736368181309,0
2025-11-04,10,Email,5674.008452358133,2620.8138668262327,0
2025-11-04,10,Organic,3988.726910390557,1904.745073664301,0
2025-11-05,10,Paid Search,8872.803246924675,3383.12560219409,0
2025-11-05,10,Paid Social,1855.421846744673,726.7130774221224,0
2025-11-05,10,Email,8262.881842445453,3878.351916467735,0
2025-11-05,10,Organic,3153.3291384995678,1509.38892209967,0
2025-11-06,10,Paid Search,5874.548867196204,2365.224747727447,0
2025-11-06,10,Paid Social,1313.5163804202034,511.62089204752033,0
2025-11-06,10,Email,7652.395900609329,3630.301357866118,0
2025-11-06,10,Organic,4596.238805874773,2034.0694915073332,0
2025-11-07,10,Paid Search,6889.113858909751,2806.590521068318,0
2025-11-07,10,Paid Social,1418.1355735690802,510.0126628342347,0
2025-11-07,10,Email,5232.996729723014,2417.9759822995616,0
2025-11-07,10,Organic,5217.505813355632,2272.1453090213517,0
2025-11-08,10,Paid Search,7386.1002810641185,2814.875906022889,0
2025-11-08,10,Paid Social,1806.4337666574952,684.9237985905348,0
2025-11-08,10,Email,12869.187973522918,6406.802954688126,0
2025-11-08,10,Organic,2806.853446964596,1265.6350998061532,0
2025-11-09,10,Paid Search,5214.820410536097,2106.926501229775,0
2025-11-09,10,Paid Social,1057.840282066615,429.28301527782247,0
2025-11-09,10,Email,10151.134001185435,4795.586106190013,0
2025-11-09,10,Organic,4157.220694231641,1793.3153474508554,0
2025-11-10,11,Paid Search,7225.594442296635,3047.6780610450173,0
2025-11-10,11,Paid Social,1258.6725666354632,468.35958373690147,0
2025-11-10,11,Email,4554.646470466124,2235.759921959111,0
2025-11-10,11,Organic,2175.185992027638,1016.1573006110032,0
2025-11-11,11,Paid Search,7924.774273097339,3394.9532970254954,0
2025-11-11,11,Paid Social,1784.2208611626172,718.9929410764278,0
2025-11-11,11,Email,4442.025924230749,2148.1181163800375,0
2025-11-11,11,Organic,2946.4775928335553,1376.4423937708682,0
2025-11-12,11,Paid Search,5229.099120200806,2124.493372259366,0
2025-11-12,11,Paid Social,498.3514707770635,195.82906252033078,0
2025-11-12,11,Email,5345.612812734679,2506.37909365839,0
2025-11-12,11,Organic,2515.5020452496083,1234.0438689323976,0
2025-11-13,11,Paid Search,9937.176509437091,4087.611791063741,0
2025-11-13,11,Paid Social,1487.2752832410115,562.6499639621263,0
2025-11-13,11,Email,9986.800196414157,4775.5801750223945,0
2025-11-13,11,Organic,4190.661777446339,1897.4360001455725,0
2025-11-14,11,Paid Search,5078.225033402622,2234.0764412966932,0
2025-11-14,11,Paid Social,2162.904027455257,838.6481164943365,0
2025-11-14,11,Email,9212.564723434898,4456.81034613172,0
2025-11-14,11,Organic,3267.239083780001,1509.6181624408987,0
2025-11-15,11,Paid Search,7107.661492756317,2923.3286562611424,0
2025-11-15,11,Paid Social,1587.623794875404,584.3802546032799,0
2025-11-15,11,Email,8163.832571853102,3956.4371887066536,0
2025-11-15,11,Organic,4719.494440849647,2082.234082178582,0
2025-11-16,11,Paid Search,4155.405148044295,1815.002493404824,0
2025-11-16,11,Paid Social,1018.3227097928287,399.8160970023626,0
2025-11-16,11,Email,6433.4133331649655,2946.946551771184,0
2025-11-16,11,Organic,4449.328791241484,2116.704544883798,0
2025-11-17,12,Paid Search,5076.329730206108,2040.3739446729876,0
2025-11-17,12,Paid Social,1094.0235714974976,424.3561270320662,0
2025-11-17,12,Email,11334.608751477885,5340.191641055027,0
2025-11-17,12,Organic,3602.5603776658163,1773.0216727631798,0
2025-11-18,12,Paid Search,5712.781115081913,2453.396018107141,0
2025-11-18,12,Paid Social,933.6740550101182,382.1273721232497,0
2025-11-18,12,Email,8212.754264800189,3820.243022950227,0
2025-11-18,12,Organic,2030.4339597472342,903.5322565787056,0
2025-11-19,12,Paid Search,6432.676321597255,2664.6753773552628,0
2025-11-19,12,Paid Social,891.6062304384168,313.0059681738317,0
2025-11-19,12,Email,9328.039880270184,4690.130926147098,0
2025-11-19,12,Organic,4034.3053081322732,1748.1978735768014,0
2025-11-20,12,Paid Search,5493.584958850888,2220.0799940305483,0
2025-11-20,12,Paid Social,2903.4342039979897,1134.6944748263516,0
2025-11-20,12,Email,4418.562885540801,2230.676983298794,0
2025-11-20,12,Organic,4879.380674053195,2374.1631061841686,0
2025-11-21,12,Paid Search,6445.142282268133,2826.7653065617637,0
2025-11-21,12,Paid Social,2097.170180393057,910.6053237809788,0
2025-11-21,12,Email,8748.667077888584,3813.062968944659,0
2025-11-21,12,Organic,3295.11060447851,1439.6415171274825,0
2025-11-22,12,Paid Search,8125.760642701183,3492.833905939149,0
2025-11-22,12,Paid Social,1396.4990401627817,507.70983822272666,0
2025-11-22,12,Email,9790.41614414825,4541.340582861373,0
2025-11-22,12,Organic,2377.402136994844,1174.2855083207799,0
2025-11-23,12,Paid Search,3288.8485985418015,1438.1280018350212,0
2025-11-23,12,Paid Social,1289.9933882937949,471.5640885142592,0
2025-11-23,12,Email,8116.200877913029,3740.5646013720593,0
2025-11-23,12,Organic,6460.339633177658,2919.7114493484514,0
2025-11-24,13,Paid Search,3404.519321800091,1352.998994368329,0
2025-11-24,13,Paid Social,2147.771348551244,760.7653419523552,0
2025-11-24,13,Email,5873.007485883705,2783.5239365263747,0
2025-11-24,13,Organic,4546.158762130547,2135.6239034572964,0
2025-11-25,13,Paid Search,6453.53067396465,2744.4013525028117,0
2025-11-25,13,Paid Social,1588.3632484625666,655.177649891362,0
2025-11-25,13,Email,12143.712224474724,5101.253909545495,0
2025-11-25,13,Organic,3979.568574629308,1737.0972004837233,0
2025-11-26,13,Paid Search,4679.34394810245,1942.3064157881163,0
2025-11-26,13,Paid Social,1568.36284677149,639.5256876733981,0
2025-11-26,13,Email,5400.599531604058,2622.7315294670407,0
2025-11-26,13,Organic,3622.2103853758113,1607.2606159535849,0
2025-11-27,13,Paid Search,5943.773998265174,2659.6232689192066,0
2025-11-27,13,Paid Social,1516.529851702061,556.6351278625231,0
2025-11-27,13,Email,5445.045205076673,2537.201555519351,0
2025-11-27,13,Organic,3178.5082759354964,1400.6686002193817,0
2025-11-28,13,Paid Search,6725.468083474035,2684.438599155815,0
2025-11-28,13,Paid Social,1112.1977043546124,424.5030922473451,0
2025-11-28,13,Email,3437.4748054241554,1680.8245912259636,0
2025-11-28,13,Organic,4149.1632459368,1830.0489151318598,0
2025-11-29,13,Paid Search,8288.905071551906,3388.3134962991426,0
2025-11-29,13,Paid Social,1418.7550167749941,614.9647250785392,0
2025-11-29,13,Email,8753.139944939818,4184.462186106678,0
2025-11-29,13,Organic,6178.497458364626,2640.029253077838,0
2025-11-30,13,Paid Search,5320.844355833701,2168.155914454711,0
2025-11-30,13,Paid Social,1407.6001407285598,581.9508458385959,0
2025-11-30,13,Email,8969.051335887556,4306.6929129916925,0
2025-11-30,13,Organic,3065.4735029638405,1363.3481403715039,0
2025-12-01,14,Paid Search,4466.153281534728,1872.9062861835584,0
2025-12-01,14,Paid Social,2809.2331445936775,1053.4407370154736,0
2025-12-01,14,Email,5836.955780779255,3017.7379609330164,0
2025-12-01,14,Organic,4162.03176296452,1828.2432100311091,0
2025-12-02,14,Paid Search,3933.341139922724,1701.4804201387508,0
2025-12-02,14,Paid Social,1482.0460154954185,608.5901073970397,0
2025-12-02,14,Email,10798.62789511674,4978.536237911428,0
2025-12-02,14,Organic,2668.121705841242,1237.6779854674737,0
2025-12-03,14,Paid Search,6807.359997920483,2801.7622352355274,0
2025-12-03,14,Paid Social,1229.3659595752713,445.4003717535273,0
2025-12-03,14,Email,11917.176020581179,5841.552293424775,0
2025-12-03,14,Organic,2809.688544634974,1263.7092904110566,0
2025-12-04,14,Paid Search,6115.837375392446,2410.5072467274595,0
2025-12-04,14,Paid Social,2614.459507884594,977.8390974013095,0
2025-12-04,14,Email,7525.17225818717,3490.7227664318934,0
2025-12-04,14,Organic,4718.9559115642805,2240.3416421395577,0
2025-12-05,14,Paid Search,5857.459839232614,2634.673997858143,0
2025-12-05,14,Paid Social,1608.9171519660417,586.6286738467959,0
2025-12-05,14,Email,5912.24978974567,2791.5277651788447,0
2025-12-05,14,Organic,3054.0648526571963,1282.6413928614484,0
2025-12-06,14,Paid Search,11074.39989724666,4882.219953988752,0
2025-12-06,14,Paid Social,1290.4483661167847,511.25312790586366,0
2025-12-06,14,Email,6832.083559993507,3313.7524779536852,0
2025-12-06,14,Organic,3410.5404695310117,1565.8028133935693,0
2025-12-07,14,Paid Search,6001.439816092609,2619.8697184470734,0
2025-12-07,14,Paid Social,1795.2233684690118,681.2856144850482,0
2025-12-07,14,Email,9673.44800315164,4501.706696865962,0
2025-12-07,14,Organic,5328.282641804914,2392.840849378647,0
2025-12-08,15,Paid Search,4433.982721135363,1744.5712393989377,0
2025-12-08,15,Paid Social,1062.9349464457075,403.42044142227564,0
2025-12-08,15,Email,5452.361393561486,2678.8542206866127,0
2025-12-08,15,Organic,2560.807892135658,1166.4770977915744,0
2025-12-09,15,Paid Search,6076.4798334129,2665.216192240609,0
2025-12-09,15,Paid Social,1188.3871231909945,456.57564944541605,0
2025-12-09,15,Email,4246.553396757548,2067.162589226153,0
2025-12-09,15,Organic,3967.402555759114,1830.283366475301,0
2025-12-10,15,Paid Search,4314.970514806992,1685.7080956002712,0
2025-12-10,15,Paid Social,1514.6738572278455,549.7234189563666,0
2025-12-10,15,Email,8568.279858696162,4036.459327657954,0
2025-12-10,15,Organic,4119.699954743368,1903.3448268799086,0
2025-12-11,15,Paid Search,9745.711625900864,3843.3678198233533,0
2025-12-11,15,Paid Social,1910.2816927457397,754.8258430877182,0
2025-12-11,15,Email,7965.938398961144,3717.3563763983625,0
2025-12-11,15,Organic,2411.4051912087252,1123.7066414288945,0
2025-12-12,15,Paid Search,4878.306679773237,2129.07819658815,0
2025-12-12,15,Paid Social,1051.105723402827,443.3568633715905,0
2025-12-12,15,Email,5017.289084546239,2325.7877896948817,0
2025-12-12,15,Organic,3389.603932103858,1627.1882670522089,0
2025-12-13,15,Paid Search,7028.02061442441,2907.5801898794766,0
2025-12-13,15,Paid Social,1727.4888512635828,640.0804010920682,0
2025-12-13,15,Email,10591.90996716097,5004.284908031784,0
2025-12-13,15,Organic,3504.248771659179,1435.0038608012806,0
2025-12-14,15,Paid Search,5774.88636521022,2429.4163388942093,0
2025-12-14,15,Paid Social,1134.4828213958433,423.98028013551186,0
2025-12-14,15,Email,8356.32119624338,3874.470515895924,0
2025-12-14,15,Organic,4618.508835657359,2055.822336368344,0
2025-12-15,16,Paid Search,5849.490632257877,2397.214114199196,0
2025-12-15,16,Paid Social,1566.7065288788726,589.5466220715389,0
2025-12-15,16,Email,7842.667010009164,3562.361853534428,0
2025-12-15,16,Organic,5531.816373051879,2658.3995406218214,0
2025-12-16,16,Paid Search,10140.156131457,4317.735473828866,0
2025-12-16,16,Paid Social,1639.4427820942144,622.4328118055829,0
2025-12-16,16,Email,9423.343891189363,4118.476975504815,0
2025-12-16,16,Organic,2496.7657929683564,1144.6886336757527,0
2025-12-17,16,Paid Search,11770.734191173484,5332.314250132211,0
2025-12-17,16,Paid Social,1300.5006918592017,471.45647493081475,0
2025-12-17,16,Email,5929.758074038982,2612.8879939238336,0
2025-12-17,16,Organic,3741.5082859093113,1628.691087124446,0
2025-12-18,16,Paid Search,4400.89936629273,1822.6633522144948,0
2025-12-18,16,Paid Social,1468.3886106541363,591.475761286472,0
2025-12-18,16,Email,15009.848117327003,8075.050541830671,0
2025-12-18,16,Organic,3147.6237786833326,1349.8054973766127,0
2025-12-19,16,Paid Search,5637.888152293443,2352.862345470063,0
2025-12-19,16,Paid Social,823.0090022534521,320.45970590032607,0
2025-12-19,16,Email,12170.88338982535,5991.634125398108,0
2025-12-19,16,Organic,2966.3248256351435,1355.2546836449383,0
2025-12-20,16,Paid Search,10425.589713318597,4483.918845965401,0
2025-12-20,16,Paid Social,2877.627642807682,969.7346877391174,0
2025-12-20,16,Email,11045.464316590009,4990.481420591884,0
2025-12-20,16,Organic,5138.714594931221,2387.6329204824333,0
2025-12-21,16,Paid Search,7012.968769284937,2610.913734100578,0
2025-12-21,16,Paid Social,875.9633628865317,332.66843895969,0
2025-12-21,16,Email,5500.547484171298,2848.07399442142,0
2025-12-21,16,Organic,3699.428033260013,1674.7474620720177,0
